"DESCRIPTION","DURATION IN MS","NAME","PARENT SUITE","START TIME","STATUS","STOP TIME","SUB SUITE","SUITE","TEST CLASS","TEST METHOD"
"","1301","should add Sauce Labs Fleece Jacket to cart","desktop - webkit","2026-09-28","passed","2026-09-28","","","",""
"","1297","should add Sauce Labs Backpack to cart","desktop - webkit","2026-09-28","passed","2026-09-28","","","",""
"","101","should get current user with access token","desktop - chromium","2026-09-28","failed","2026-09-28","","","",""
"","594","should login successfully with valid credentials","desktop - chromium","2026-09-28","passed","2026-09-28","Login","","",""
"","538","should add Sauce Labs Onesie to cart","desktop - chromium","2026-09-28","passed","2026-09-28","","","",""
"","116","should get existing post","iPhone 16e landscape - Mobile Firefox","2026-09-28","failed","2026-09-28","","","",""
"","107","should update a post","iPhone 16e landscape - Mobile Firefox","2026-09-28","failed","2026-09-28","","","",""
"","106","should update a post","desktop - webkit","2026-09-28","failed","2026-09-28","","","",""
"","106","should get current user with access token","desktop - webkit","2026-09-28","failed","2026-09-28","","","",""
"","103","should create post: Testuano post title field","desktop - webkit","2026-09-28","failed","2026-09-28","","","",""
"","111","should create post: Testuano post title field","api","2026-09-28","passed","2026-09-28","","","",""
"","1055","should login successfully with valid credentials","iPhone 16e landscape - Mobile Firefox","2026-09-28","passed","2026-09-28","Login","","",""
"","1025","should add Sauce Labs Fleece Jacket to cart","iPhone 16e landscape - Mobile Firefox","2026-09-28","passed","2026-09-28","","","",""
"","106","should create post: title another post data","desktop - webkit","2026-09-28","failed","2026-09-28","","","",""
"","1349","should login successfully with valid credentials","desktop - webkit","2026-09-28","passed","2026-09-28","Login","","",""
"","100","should update a post","desktop - chromium","2026-09-28","failed","2026-09-28","","","",""
"","600","authStandardUser","setup","2026-09-28","passed","2026-09-28","","","",""
"","484","should display a locked out message with locked credentials","desktop - chromium","2026-09-28","passed","2026-09-28","Login","","",""
"","107","should delete existing post","iPhone 16e landscape - Mobile Firefox","2026-09-28","failed","2026-09-28","","","",""
"","112","should get existing post","desktop - chromium","2026-09-28","failed","2026-09-28","","","",""
"","1107","should add Sauce Labs Onesie to cart","iPhone 16e landscape - Mobile Firefox","2026-09-28","passed","2026-09-28","","","",""
"","538","should add Sauce Labs Backpack to cart","desktop - chromium","2026-09-28","passed","2026-09-28","","","",""
"","1302","should add Sauce Labs Bolt T-Shirt to cart","desktop - webkit","2026-09-28","passed","2026-09-28","","","",""
"","105","should create post: title another post data","iPhone 16e landscape - Mobile Firefox","2026-09-28","failed","2026-09-28","","","",""
"","1132","should display an error message when username is empty","desktop - webkit","2026-09-28","passed","2026-09-28","Login","","",""
"","1024","should add Sauce Labs Backpack to cart","iPhone 16e landscape - Mobile Firefox","2026-09-28","passed","2026-09-28","","","",""
"","534","should add Sauce Labs Bolt T-Shirt to cart","desktop - chromium","2026-09-28","passed","2026-09-28","","","",""
"","577","should remove item from cart on products page","desktop - chromium","2026-09-28","passed","2026-09-28","","","",""
"","223","should update a post","api","2026-09-28","passed","2026-09-28","","","",""
"","543","should add Sauce Labs Fleece Jacket to cart","desktop - chromium","2026-09-28","passed","2026-09-28","","","",""
"","550","should add Sauce Labs Bike Light to cart","desktop - chromium","2026-09-28","passed","2026-09-28","","","",""
"","1342","should add two products to cart","desktop - webkit","2026-09-28","passed","2026-09-28","Products","","",""
"","1292","should remove item from cart on products page","iPhone 16e landscape - Mobile Firefox","2026-09-28","passed","2026-09-28","","","",""
"","104","should create post: title another post data","desktop - chromium","2026-09-28","failed","2026-09-28","","","",""
"","1153","should add two products to cart","iPhone 16e landscape - Mobile Firefox","2026-09-28","passed","2026-09-28","Products","","",""
"","100","should get current user with access token","iPhone 16e landscape - Mobile Firefox","2026-09-28","failed","2026-09-28","","","",""
"","614","should add two products to cart","desktop - chromium","2026-09-28","passed","2026-09-28","Products","","",""
"","97","should delete existing post","api","2026-09-28","passed","2026-09-28","","","",""
"","529","should get current user with access token","auth-api","2026-09-28","passed","2026-09-28","","","",""
"","114","should get existing post","desktop - webkit","2026-09-28","failed","2026-09-28","","","",""
"","1024","should display a locked out message with locked credentials","iPhone 16e landscape - Mobile Firefox","2026-09-28","passed","2026-09-28","Login","","",""
"","757","should remove item from cart page","desktop - chromium","2026-09-28","passed","2026-09-28","Cart","","",""
"","1345","should remove item from cart on products page","desktop - webkit","2026-09-28","passed","2026-09-28","","","",""
"","1107","should add Sauce Labs Bike Light to cart","iPhone 16e landscape - Mobile Firefox","2026-09-28","passed","2026-09-28","","","",""
"","9226","should remove item from cart page","desktop - webkit","2026-09-28","passed","2026-09-28","Cart","","",""
"","104","should create post: title another post data","api","2026-09-28","passed","2026-09-28","","","",""
"","132","should delete existing post","desktop - chromium","2026-09-28","failed","2026-09-28","","","",""
"","1113","should display a locked out message with locked credentials","desktop - webkit","2026-09-28","passed","2026-09-28","Login","","",""
"","107","should create post: Testuano post title field","iPhone 16e landscape - Mobile Firefox","2026-09-28","failed","2026-09-28","","","",""
"","467","should display an error message when username is empty","desktop - chromium","2026-09-28","passed","2026-09-28","Login","","",""
"","1034","should display an error message when username is empty","iPhone 16e landscape - Mobile Firefox","2026-09-28","passed","2026-09-28","Login","","",""
"","153","should get existing post","api","2026-09-28","passed","2026-09-28","","","",""
"","1335","should add Sauce Labs Onesie to cart","desktop - webkit","2026-09-28","passed","2026-09-28","","","",""
"","2952","should add Sauce Labs Bolt T-Shirt to cart","iPhone 16e landscape - Mobile Firefox","2026-09-28","passed","2026-09-28","","","",""
"","107","should delete existing post","desktop - webkit","2026-09-28","failed","2026-09-28","","","",""
"","104","should create post: Testuano post title field","desktop - chromium","2026-09-28","failed","2026-09-28","","","",""
"","1260","should add Sauce Labs Bike Light to cart","desktop - webkit","2026-09-28","passed","2026-09-28","","","",""
"","2148","should remove item from cart page","iPhone 16e landscape - Mobile Firefox","2026-09-28","passed","2026-09-28","Cart","","",""
